url,datetime,summary,full_text,title,body,date,search_term,symbol,llm_full_text_summary,category,id,complete_article_text,processed_datetime,processed_summary,url_hash
https://www.aviationtoday.com/2024/07/25/sikorsky-nears-testbed-for-hex-vtol-demonstrator-pursuing-several-hybrid-electric-concepts/,7/24/2024,,Sikorsky plans to have the power systems tested for its hybrid-electric vertical takeoff and landing (HEX VTOL) demonstrator aircraft ready by year's end to...,"Sikorsky Nears Testbed For HEX VTOL Demonstrator, Pursuing Several Hybrid Electric Concepts",Sikorsky plans to have the power systems tested for its hybrid-electric vertical takeoff and landing (HEX VTOL) demonstrator aircraft ready by year's end to...,7/24/2024,General Electric,GE,,company_specific_artificial_intelligence,506715,,,,
https://www.tradingview.com/news/barchart:db7aa7e98094b:0-up-233-since-nvidia-s-investment-is-it-too-late-to-buy-this-robotics-stock/,7/24/2024,,"With the onset of the artificial intelligence (AI) revolution, semiconductor company Nvidia NASDAQ:NVDA has been the market darling. Any company that Nvidia...","Up 233% Since Nvidia's Investment, Is It Too Late to Buy This Robotics Stock?","With the onset of the artificial intelligence (AI) revolution, semiconductor company Nvidia NASDAQ:NVDA has been the market darling. Any company that Nvidia...",7/24/2024,Nvidia,NVDA,,company_specific,497877,"With the onset of the artificial intelligence (AI) revolution, semiconductor company Nvidia NVDA has been the market darling. Any company that Nvidia expresses even the slightest interest in, captures everybody’s attention.",,,
https://www.tradingview.com/news/barchart:db7aa7e98094b:0-up-233-since-nvidia-s-investment-is-it-too-late-to-buy-this-robotics-stock/,7/24/2024,,"With the onset of the artificial intelligence (AI) revolution, semiconductor company Nvidia NASDAQ:NVDA has been the market darling. Any company that Nvidia...","Up 233% Since Nvidia's Investment, Is It Too Late to Buy This Robotics Stock?","With the onset of the artificial intelligence (AI) revolution, semiconductor company Nvidia NASDAQ:NVDA has been the market darling. Any company that Nvidia...",7/24/2024,Nvidia,NVDA,,company_specific,499757,"With the onset of the artificial intelligence (AI) revolution, semiconductor company Nvidia NVDA has been the market darling. Any company that Nvidia expresses even the slightest interest in, captures everybody’s attention.",,,
https://finance.yahoo.com/news/nvidias-ownership-stake-news-sent-114948915.html,7/24/2024,,Nvidia owns a 10% stake in this AI-powered sidewalk delivery robot company that Uber spun off in 2021.,Nvidia's Ownership Stake News Sent Serve Robotics Stock Soaring 233%. Should You Also Buy This AI Stock?,Nvidia owns a 10% stake in this AI-powered sidewalk delivery robot company that Uber spun off in 2021.,7/24/2024,Nvidia,NVDA,,company_specific,497880,"Shares of Serve Robotics (NASDAQ: SERV), an autonomous sidewalk delivery company, soared 187% on Friday after artificial intelligence (AI) chip leader Nvidia disclosed via a filing with the Securities and Exchange Commission (SEC) that it owns a 10% stake in the relatively new public company. More specifically, Nvidia owns 3,727,033 shares of Serve's 37.1 million shares outstanding.",,,
https://www.analyticsinsight.net/artificial-intelligence/elon-musk-and-ai-a-duo-for-worlds-most-powerful-ai,7/24/2024,,"Elon Musk, the visionary behind numerous tech innovations, is making headlines once again with his ambitious plans in the field of artificial intelligence...",Elon Musk and AI: A Duo for World’s Most Powerful AI?,"Elon Musk, the visionary behind numerous tech innovations, is making headlines once again with his ambitious plans in the field of artificial intelligence...",7/24/2024,Nvidia,NVDA,,company_specific_artificial_intelligence,497939,"What is Elon Musk's latest AI venture, xAI, and what is its goal?",,,
https://www.rgj.com/story/news/nevada/2024/07/24/nevada-air-conditioning-thermostats/74517134007/,7/24/2024,,"Here in Reno, where temperatures have topped 100 degrees 11 times so far this year, my household thermostat is set to 74 degrees.","Northern Nevadans, where are you setting your thermostat this summer?","Here in Reno, where temperatures have topped 100 degrees 11 times so far this year, my household thermostat is set to 74 degrees.",7/24/2024,General Electric,GE,,company_specific_artificial_intelligence,506716,,,,
http://www.baystreet.ca/articles/stockstowatch.aspx?articleid=100118,7/24/2024,,"The artificial intelligence story shows no signs of cooling. Instead, according to McKinsey the AI market could swell to $17 trillion to $25 trillion by...",Five of the Top AI Stocks to Buy Immediately,"The artificial intelligence story shows no signs of cooling. Instead, according to McKinsey the AI market could swell to $17 trillion to $25 trillion by...",7/24/2024,Nvidia,NVDA,,company_specific_artificial_intelligence,499862,"The artificial intelligence story shows no signs of cooling. Instead, according to McKinsey the AI market could swell to $17 trillion to $25 trillion by 2030. In addition, AI related spending will make up about 8% to 10% of IT budgets in 2024, according to Wedbush. “This demonstrates a remarkable acceleration in AI spending after it comprised less than 1% of IT budgets in 2023,” added Seeking Alpha. All of which could positively impact VERSES AI (CBOE: VERS) (OTCQB: VRSSF), Nvidia (NASDAQ: NVDA), Microsoft (NASDAQ: MSFT), C3 AI (NYSE:AI) and Amazon.com (NASDAQ: AMZN) to name a few of the top ones.",,,
http://www.baystreet.ca/articles/stockstowatch.aspx?articleid=100118,7/24/2024,,"The artificial intelligence story shows no signs of cooling. Instead, according to McKinsey the AI market could swell to $17 trillion to $25 trillion by...",Five of the Top AI Stocks to Buy Immediately,"The artificial intelligence story shows no signs of cooling. Instead, according to McKinsey the AI market could swell to $17 trillion to $25 trillion by...",7/24/2024,Nvidia,NVDA,,company_specific_artificial_intelligence,497935,"The artificial intelligence story shows no signs of cooling. Instead, according to McKinsey the AI market could swell to $17 trillion to $25 trillion by 2030. In addition, AI related spending will make up about 8% to 10% of IT budgets in 2024, according to Wedbush. “This demonstrates a remarkable acceleration in AI spending after it comprised less than 1% of IT budgets in 2023,” added Seeking Alpha. All of which could positively impact VERSES AI (CBOE: VERS) (OTCQB: VRSSF), Nvidia (NASDAQ: NVDA), Microsoft (NASDAQ: MSFT), C3 AI (NYSE:AI) and Amazon.com (NASDAQ: AMZN) to name a few of the top ones.",,,
https://sg.news.yahoo.com/singapore-air-flew-96-million-people-in-strong-first-quarter-070421334.html,7/24/2024,,Singapore Airlines reported robust passenger and air cargo demand in June that closed out a strong first quarter.,Almost 10m passengers flew Singapore Airlines in Q1,Singapore Airlines reported robust passenger and air cargo demand in June that closed out a strong first quarter.,7/24/2024,Facebook,META,,company_specific_artificial_intelligence,499497,"FILE PHOTO: Travelers in a waiting area near Singapore Airlines Ltd. aircraft at Changi Airport in Singapore, on Wednesday, March 30, 2022. (Photographer: Ore Huiying/Bloomberg)",,,
https://cabinradio.ca/194153/news/yellowknife/yellowknife-opens-fieldhouse-for-free-over-poor-air-quality/,7/24/2024,,Wildfire smoke over Yellowknife triggered a city policy that opens an indoor walking track and playground to residents for free when air quality dips.,Yellowknife opens fieldhouse for free over poor air quality,Wildfire smoke over Yellowknife triggered a city policy that opens an indoor walking track and playground to residents for free when air quality dips.,7/24/2024,Facebook,META,,company_specific_artificial_intelligence,499508,Wildfire smoke over Yellowknife has triggered a city policy that opens the fieldhouse to residents for free when air quality dips.,,,
https://indiaai.gov.in/article/auxiliary-losses-machine-unlearning-and-traffic-routing,7/24/2024,,This collection features the year's most intriguing research publications in artificial intelligence and data science.,"Research Roundup - Auxiliary losses, machine unlearning, and traffic routing",This collection features the year's most intriguing research publications in artificial intelligence and data science.,7/24/2024,Facebook,META,,company_specific_artificial_intelligence,497672,"This collection features the year's most intriguing research publications in artificial intelligence and data science in India. It is organized chronologically and includes links to in-depth articles and source code, where available. The collection highlights significant AI research articles and provides a hand-picked selection of recent developments in the field.",,,
https://menafn.com/1108477123/Meta-Platforms-reveals-Llama-AI-Model-3-with-enhanced-capabilities,7/24/2024,,"Meta Platforms has launched its most advanced AI model to date, Llama 3, which is distinguished by its extensive multilingual abilities and high-perf.",Meta Platforms reveals Llama AI Model 3 with enhanced capabilities,"Meta Platforms has launched its most advanced AI model to date, Llama 3, which is distinguished by its extensive multilingual abilities and high-perf.",7/24/2024,Facebook,META,,company_specific_artificial_intelligence,497673,"(MENAFN) Meta Platforms has launched its most advanced AI model to date, Llama 3, which is distinguished by its extensive multilingual abilities and high-performance metrics. Unlike many AI models that are only accessible through paid subscriptions, Llama 3 offers a largely free option and delivers competitive performance on par with, or even exceeding, that of paid models from other companies like OpenAI. According to Meta's announcements and research publications, this latest iteration of the Llama model can fluently communicate in eight different languages, generate high-quality computer code, and tackle more complex mathematical problems compared to its predecessors.",,,
https://menafn.com/1108477123/Meta-Platforms-reveals-Llama-AI-Model-3-with-enhanced-capabilities,7/24/2024,,"Meta Platforms has launched its most advanced AI model to date, Llama 3, which is distinguished by its extensive multilingual abilities and high-perf.",Meta Platforms reveals Llama AI Model 3 with enhanced capabilities,"Meta Platforms has launched its most advanced AI model to date, Llama 3, which is distinguished by its extensive multilingual abilities and high-perf.",7/24/2024,Amazon,AMZN,,company_specific_artificial_intelligence,499151,"(MENAFN) Meta Platforms has launched its most advanced AI model to date, Llama 3, which is distinguished by its extensive multilingual abilities and high-performance metrics. Unlike many AI models that are only accessible through paid subscriptions, Llama 3 offers a largely free option and delivers competitive performance on par with, or even exceeding, that of paid models from other companies like OpenAI. According to Meta's announcements and research publications, this latest iteration of the Llama model can fluently communicate in eight different languages, generate high-quality computer code, and tackle more complex mathematical problems compared to its predecessors.",,,
https://www.msn.com/en-us/money/companies/general-electric-company-nyse-ge-q2-2024-earnings-call-transcript/ar-BB1qxOnH,7/24/2024,,"General Electric Company (NYSE:GE) Q2 2024 Earnings Call Transcript July 23, 2024 General Electric Company beats earnings expectations.",General Electric Company (NYSE:GE) Q2 2024 Earnings Call Transcript,"General Electric Company (NYSE:GE) Q2 2024 Earnings Call Transcript July 23, 2024 General Electric Company beats earnings expectations.",7/24/2024,General Electric,GE,,company_specific_artificial_intelligence,506717,,,,
https://www.fool.com/investing/2024/07/24/visa-stock-drops-after-massive-earnings-news/,7/24/2024,,"Visa is still growing, but investors may have overestimated the company's potential.",Visa Stock Drops After Massive Earnings News,"Visa is still growing, but investors may have overestimated the company's potential.",7/24/2024,Visa,V,,company_specific,500071,"Visa is still growing, but investors may have overestimated the company's potential.",,,
https://www.flyingmag.com/modern/lilium-expands-electric-jet-infrastructure-in-europe-asia-middle-east/,7/24/2024,,"The German firm on Wednesday announced it will work with Groupe ADP, which manages 23 airports around the world, including Paris' Charles de Gaulle Airport...","Lilium Expands Electric Jet Infrastructure in Europe, Asia, Middle East","The German firm on Wednesday announced it will work with Groupe ADP, which manages 23 airports around the world, including Paris' Charles de Gaulle Airport...",7/24/2024,General Electric,GE,,company_specific_artificial_intelligence,506722,,,,
https://www.pc-tablet.co.in/apple-advances-plans-for-foldable-iphone-with-potential-2026-launch/34878/,7/24/2024,,"Apple progresses towards launching its first foldable iPhone, codenamed V68, potentially in 2026. This move could revolutionize the smartphone market and...",Apple Advances Plans for Foldable iPhone with Potential 2026 Launch,"Apple progresses towards launching its first foldable iPhone, codenamed V68, potentially in 2026. This move could revolutionize the smartphone market and...",7/24/2024,Apple,AAPL,,company_specific,498837,"Apple progresses towards launching its first foldable iPhone, codenamed V68, potentially in 2026. This move could revolutionize the smartphone market and challenge competitors like Samsung.",,,
https://www.independent.co.uk/news/world/americas/baltimore-workplace-conditions-toilet-paper-report-b2585484.html,7/24/2024,,Department of Public Works employees have also reported not having any air-conditioning in hot sumer months.,Shocking workplace conditions at Baltimore city facility where staff are forced to ask for toilet paper,Department of Public Works employees have also reported not having any air-conditioning in hot sumer months.,7/24/2024,General Electric,GE,,company_specific_artificial_intelligence,506723,,,,
https://tribune.com.pk/story/2482563/microsoft-expands-ai-infrastructure-with-lumen-technologies-partnership,7/24/2024,,"Microsoft is set to expand its AI infrastructure capabilities by leveraging network equipment from Lumen Technologies, a move announced by both companies on...",Microsoft expands AI infrastructure with Lumen Technologies partnership,"Microsoft is set to expand its AI infrastructure capabilities by leveraging network equipment from Lumen Technologies, a move announced by both companies on...",7/24/2024,Google,GOOGL,,company_specific_artificial_intelligence,497524,"Microsoft is set to expand its AI infrastructure capabilities by leveraging network equipment from Lumen Technologies, a move announced by both companies on Wednesday.",,,
https://www.fierce-network.com/cloud/google-investing-too-much-data-centers-ai-its-ceo-doesnt-think-so,7/24/2024,,Capex nearly doubled in Q2 to $13.2 billion. But Alphabet execs aren't worried about the prospect of building excess compute capacity. Here's why.,Is Google investing too much in data centers for AI? Its CEO doesn’t think so,Capex nearly doubled in Q2 to $13.2 billion. But Alphabet execs aren't worried about the prospect of building excess compute capacity. Here's why.,7/24/2024,Google,GOOGL,,company_specific_artificial_intelligence,497516,Alphabet revenue was up 14% year on year and profit jumped nearly 29%,,,
https://www.mercurynews.com/2024/07/24/cyber-security-startup-wiz-reportedly-rejects-23-billion-acquisition-proposal-from-google-2/amp/,7/24/2024,,Wiz has rejected a reported $23 billion acquisition proposal from Google parent Alphabet — as the cybersecurity startup pivots back to a previously-planned...,Cyber security startup Wiz rejects $23 billion acquisition by Google,Wiz has rejected a reported $23 billion acquisition proposal from Google parent Alphabet — as the cybersecurity startup pivots back to a previously-planned...,7/24/2024,Google,GOOGL,,company_specific,497442,Cyber security startup Wiz rejects $23 billion acquisition by Google,,,
https://malaysia.news.yahoo.com/gobind-microsoft-owes-compensation-crowdstrike-083802982.html,7/24/2024,,"PUTRAJAYA, July 24 — Digital Minister Gobind Singh wants Microsoft to listen to the people who have lost money due to th...","Amid calls for compensation over CrowdStrike outage, Gobind says plea of those affected should be heard","PUTRAJAYA, July 24 — Digital Minister Gobind Singh wants Microsoft to listen to the people who have lost money due to th...",7/24/2024,Microsoft,MSFT,,company_specific_artificial_intelligence,498984,"Amid calls for compensation over CrowdStrike outage, Gobind says plea of those affected should be heard",,,
https://techxplore.com/news/2024-07-google-aborted-antitrust-shadow-tech.html,7/24/2024,,"In recent months, Google showed interest in two companies, either of which would have been the biggest-ever purchase for the internet giant.",Google's aborted deals show antitrust's long shadow over tech,"In recent months, Google showed interest in two companies, either of which would have been the biggest-ever purchase for the internet giant.",7/24/2024,Google,GOOGL,,company_specific,497443,This article has been reviewed according to Science X's editorial process and policies . Editors have highlighted the following attributes while ensuring the content's credibility:,,,
https://techxplore.com/news/2024-07-google-aborted-antitrust-shadow-tech.html,7/24/2024,,"In recent months, Google showed interest in two companies, either of which would have been the biggest-ever purchase for the internet giant.",Google's aborted deals show antitrust's long shadow over tech,"In recent months, Google showed interest in two companies, either of which would have been the biggest-ever purchase for the internet giant.",7/24/2024,Google,GOOGL,,company_specific,499257,This article has been reviewed according to Science X's editorial process and policies . Editors have highlighted the following attributes while ensuring the content's credibility:,,,
https://elblog.pl/2024/07/24/apples-innovative-ai-strategy/,7/24/2024,,"Apple unveils ground-breaking approach to AI training utilizing unique data sources. In a departure from traditional methods, the tech giant has steered...",Apple’s Innovative AI Strategy,"Apple unveils ground-breaking approach to AI training utilizing unique data sources. In a departure from traditional methods, the tech giant has steered...",7/24/2024,Apple,AAPL,,company_specific_artificial_intelligence,497215,"Apple unveils ground-breaking approach to AI training utilizing unique data sources. In a departure from traditional methods, the tech giant has steered clear of mainstream content platforms for its latest AI development. Instead of relying on YouTube subtitles, Apple has taken a bold new direction for its “Apple Brainchild” project. This innovative AI, set to revolutionize upcoming operating systems like “iOS 18” and “macOS Sequoia,” boasts advanced capabilities in language processing, image comprehension, and seamless multitasking across various applications.",,,
https://elblog.pl/2024/07/24/apples-innovative-ai-strategy/,7/24/2024,,"Apple unveils ground-breaking approach to AI training utilizing unique data sources. In a departure from traditional methods, the tech giant has steered...",Apple’s Innovative AI Strategy,"Apple unveils ground-breaking approach to AI training utilizing unique data sources. In a departure from traditional methods, the tech giant has steered...",7/24/2024,Apple,AAPL,,company_specific_artificial_intelligence,498931,"Apple unveils ground-breaking approach to AI training utilizing unique data sources. In a departure from traditional methods, the tech giant has steered clear of mainstream content platforms for its latest AI development. Instead of relying on YouTube subtitles, Apple has taken a bold new direction for its “Apple Brainchild” project. This innovative AI, set to revolutionize upcoming operating systems like “iOS 18” and “macOS Sequoia,” boasts advanced capabilities in language processing, image comprehension, and seamless multitasking across various applications.",,,
https://www.soleretriever.com/news/articles/nike-electric-pack-55-different-sneakers-olympics-july-2024,7/24/2024,,"To honor the upcoming Olympics, Nike has introduced a pack of sneakers featuring safari print details. Find all of the Nike Electric Pack here.",Nike's Electric Pack Covers 55 Different Sneakers for the Olympics,"To honor the upcoming Olympics, Nike has introduced a pack of sneakers featuring safari print details. Find all of the Nike Electric Pack here.",7/24/2024,General Electric,GE,,company_specific_artificial_intelligence,506724,,,,
https://www.morningstar.co.uk/uk/news/251440/three-ai-stocks-beyond-nvidia.aspx,7/24/2024,,Rahul Bhushan from ARK Invest Europe takes stock of the AI sector and explains which stocks could replicate Nvidia's success.,Three AI Stocks Beyond Nvidia,Rahul Bhushan from ARK Invest Europe takes stock of the AI sector and explains which stocks could replicate Nvidia's success.,7/24/2024,Nvidia,NVDA,,company_specific,499773,"Valerio Baselli: Hello and welcome to Morningstar. Everyone wants to invest in artificial intelligence, but there are several ways to do so. Which one is the most suitable at the moment? Today, I'm joined by Rahul Bhushan, Global Head of Index at ARK Invest Europe.",,,
https://www.martechcube.com/kumo-ai-finalist-in-2024-saas-awards-across-three-categories/,7/24/2024,,"Kumo AI, a leader in predictive AI, today announced it has been named a finalist in The 2024 SaaS Awards program in three categories: Best SaaS Product for...",Kumo AI Finalist in 2024 SaaS Awards Across Three Categories,"Kumo AI, a leader in predictive AI, today announced it has been named a finalist in The 2024 SaaS Awards program in three categories: Best SaaS Product for...",7/24/2024,Facebook,META,,company_specific_artificial_intelligence,497679,"Kumo AI, a leader in predictive AI, today announced it has been named a finalist in The 2024 SaaS Awards program in three categories: Best SaaS Product for Digital Marketing, Best SaaS Product for Email Marketing and Best SaaS Product for eCommerce/eShops. These categories represent key use cases for Kumo AI’s predictive AI solution that support revenue-impacting KPIs like conversion, cart size, and retention rates.",,,
https://www.independent.co.uk/tech/whatsapp-update-ai-latest-meta-b2585082.html,7/24/2024,,Artificial intelligence image editing lets users add tattoos or different haircuts to their pictures.,Major WhatsApp update brings personalised AI tool to app,Artificial intelligence image editing lets users add tattoos or different haircuts to their pictures.,7/24/2024,Facebook,META,,company_specific_artificial_intelligence,497681,Support truly,,,
https://finance.yahoo.com/news/forget-stock-split-2-better-101500799.html,7/24/2024,,"Nvidia (NASDAQ: NVDA) was a $360 billion company at the start of 2023, but thanks to a whopping 745% gain in its stock price, the company is now worth over...",Forget the Stock Split: 2 Better Reasons to Buy Nvidia Stock Right Now,"Nvidia (NASDAQ: NVDA) was a $360 billion company at the start of 2023, but thanks to a whopping 745% gain in its stock price, the company is now worth over...",7/24/2024,Nvidia,NVDA,,company_specific,497891,"Nvidia (NASDAQ: NVDA) was a $360 billion company at the start of 2023, but thanks to a whopping 745% gain in its stock price, the company is now worth over $3 trillion. It's experiencing a surge in demand for its data center chips, which are the most powerful in the industry for processing artificial intelligence (AI) workloads.",,,
https://www.morningstar.co.uk/uk/news/251440/three-ai-stocks-beyond-nvidia.aspx,7/24/2024,,Rahul Bhushan from ARK Invest Europe takes stock of the AI sector and explains which stocks could replicate Nvidia's success.,Three AI Stocks Beyond Nvidia,Rahul Bhushan from ARK Invest Europe takes stock of the AI sector and explains which stocks could replicate Nvidia's success.,7/24/2024,Nvidia,NVDA,,company_specific,497894,"Valerio Baselli: Hello and welcome to Morningstar. Everyone wants to invest in artificial intelligence, but there are several ways to do so. Which one is the most suitable at the moment? Today, I'm joined by Rahul Bhushan, Global Head of Index at ARK Invest Europe.",,,
https://www.theglobeandmail.com/investing/markets/stocks/TSLA/pressreleases/27586849/why-nvidia-stock-is-sinking-again-today/,7/24/2024,,"Nvidia(NASDAQ: NVDA) stock is falling in Wednesday's trading. The company's share price was down 5.5% of 2:45 p.m. ET, according to data from S&P Global...",Tesla Inc (TSLA-Q) Quote - Press Release,"Nvidia(NASDAQ: NVDA) stock is falling in Wednesday's trading. The company's share price was down 5.5% of 2:45 p.m. ET, according to data from S&P Global...",7/24/2024,Nvidia,NVDA,,company_specific,497895,"Nvidia(NASDAQ: NVDA) stock is falling in Wednesday's trading. The company's share price was down 5.5% of 2:45 p.m. ET, according to data from S&P Global Market Intelligence. Meanwhile, the S&P 500 index had fallen 2.2% and the Nasdaq Composite was down 3.3%.",,,
https://www.autoevolution.com/news/lucid-motors-has-started-pre-production-of-the-lucid-gravity-all-electric-suvin-arizona-237464.html,7/24/2024,,"Lucid had a pretty busy schedule this summer, and in July, they also noted a second major milestone - the debut of pre-production for their second model...",Lucid Motors Has Started Pre-Production of the Lucid Gravity All-Electric SUV in Arizona,"Lucid had a pretty busy schedule this summer, and in July, they also noted a second major milestone - the debut of pre-production for their second model...",7/24/2024,Tesla,TSLA,,company_specific_artificial_intelligence,497824,NHTSA,,,
https://www.cnn.com/2024/07/24/business/delta-lessons-from-southwest-meltdown/index.html,7/24/2024,,"It's a familiar tale in the aviation industry: A black swan event hits all airlines, causing massive flight cancellations. But, as many begin to recover,...",Delta is finally emerging from chaos. Did it not learn anything from Southwest’s meltdown?,"It's a familiar tale in the aviation industry: A black swan event hits all airlines, causing massive flight cancellations. But, as many begin to recover,...",7/24/2024,Tesla,TSLA,,company_specific_artificial_intelligence,497825,"A version of this story appeared in CNN Business’ Nightcap newsletter. To get it in your inbox, sign up for free, here.",,,
https://www.theglobeandmail.com/investing/investment-ideas/article-market-factors-trump-trades-revisited-and-the-false-hope-of-ai/,7/24/2024,,"Welcome to the inaugural edition of the Market Factors newsletter, a re-imagined version of the previous Globe Investor newsletter. I'll be your host,...",Market Factors: ‘Trump Trades’ revisited and the false hope of AI,"Welcome to the inaugural edition of the Market Factors newsletter, a re-imagined version of the previous Globe Investor newsletter. I'll be your host,...",7/24/2024,Nvidia,NVDA,,company_specific_artificial_intelligence,499872,"Welcome to the inaugural edition of the Market Factors newsletter, a re-imagined version of the previous Globe Investor newsletter. I’ll be your host, Scott Barlow, and today we’ll obey Charlie Munger’s command to “always invert” by looking at how the AI investment boom could fail. Also, I’ll detail how asset markets are handicapping the U.S. presidential race.",,,
https://www.greencarreports.com/news/1143891_fastest-charging-evs,7/24/2024,,"These EVs that charge quickest from 10-80% not only accept the highest charge rate beyond bursts, they also optimize energy in the battery pack.",What are the fastest-charging EVs?,"These EVs that charge quickest from 10-80% not only accept the highest charge rate beyond bursts, they also optimize energy in the battery pack.",7/24/2024,Tesla,TSLA,,company_specific_artificial_intelligence,497826,10-80% is typically seen as a benchmark for EV road-trip charging,,,
https://www.insidermonkey.com/blog/10-best-high-growth-stocks-to-buy-1322024/3/,7/24/2024,,"At Wall Street, long-standing investment strategies are being reshuffled as the monetary and political landscape evolves. - Part 3.",10 Best High Growth Stocks To Buy,"At Wall Street, long-standing investment strategies are being reshuffled as the monetary and political landscape evolves. - Part 3.",7/24/2024,Nvidia,NVDA,,company_specific_artificial_intelligence,497951,"Artificial intelligence is the greatest investment opportunity of our lifetime. The time to invest in groundbreaking AI is now, and this stock is a steal!",,,
https://www.insidermonkey.com/blog/10-best-high-growth-stocks-to-buy-1322024/3/,7/24/2024,,"At Wall Street, long-standing investment strategies are being reshuffled as the monetary and political landscape evolves. - Part 3.",10 Best High Growth Stocks To Buy,"At Wall Street, long-standing investment strategies are being reshuffled as the monetary and political landscape evolves. - Part 3.",7/24/2024,Nvidia,NVDA,,company_specific_artificial_intelligence,499874,"Artificial intelligence is the greatest investment opportunity of our lifetime. The time to invest in groundbreaking AI is now, and this stock is a steal!",,,
https://irnpost.com/nvidia-to-introduce-new-ai-chip-exclusively-for-chinese-market/,7/24/2024,,"Nvidia, the American technology giant renowned for its advanced graphics processing units (GPUs), is set to launch a new artificial intelligence (AI) chip...",Nvidia to Introduce New AI Chip Exclusively for Chinese Market,"Nvidia, the American technology giant renowned for its advanced graphics processing units (GPUs), is set to launch a new artificial intelligence (AI) chip...",7/24/2024,Nvidia,NVDA,,company_specific,497900,"Nvidia, the American technology giant renowned for its advanced graphics processing units (GPUs), is set to launch a new artificial intelligence (AI) chip designed specifically for the Chinese market. This strategic move comes amidst rising demand for AI technologies in China, driven by the nation’s rapid advancements in various tech sectors including autonomous vehicles, smart cities, and advanced manufacturing.",,,
https://irnpost.com/nvidia-to-introduce-new-ai-chip-exclusively-for-chinese-market/,7/24/2024,,"Nvidia, the American technology giant renowned for its advanced graphics processing units (GPUs), is set to launch a new artificial intelligence (AI) chip...",Nvidia to Introduce New AI Chip Exclusively for Chinese Market,"Nvidia, the American technology giant renowned for its advanced graphics processing units (GPUs), is set to launch a new artificial intelligence (AI) chip...",7/24/2024,Nvidia,NVDA,,company_specific,499777,"Nvidia, the American technology giant renowned for its advanced graphics processing units (GPUs), is set to launch a new artificial intelligence (AI) chip designed specifically for the Chinese market. This strategic move comes amidst rising demand for AI technologies in China, driven by the nation’s rapid advancements in various tech sectors including autonomous vehicles, smart cities, and advanced manufacturing.",,,
https://finance.yahoo.com/news/delta-air-lines-expects-outage-135613163.html,7/24/2024,,"Delta Air Lines expects flight cancellations and delays that resulted from a global technology breakdown last week to be resolved by Thursday, the carrier's...","Delta Air Lines expects outage-related cancellations to end by Thursday, CEO says","Delta Air Lines expects flight cancellations and delays that resulted from a global technology breakdown last week to be resolved by Thursday, the carrier's...",7/24/2024,Tesla,TSLA,,company_specific_artificial_intelligence,497831,"Delta Air Lines canceled significantly fewer flights Wednesday, and the airline's chief executive said cancellations and delays stemming from a global technology breakdown should end by Thursday.",,,
https://uk.finance.yahoo.com/video/buy-tesla-during-periods-chaos-161500220.html,7/24/2024,,"Tesla (TSLA) reported second-quarter results after Tuesday's market close, posting revenue that beat expectations while profits fell short.","Buy Tesla during 'periods of chaos,' shareholder says","Tesla (TSLA) reported second-quarter results after Tuesday's market close, posting revenue that beat expectations while profits fell short.",7/24/2024,Tesla,TSLA,,company_specific_artificial_intelligence,497832,"Tesla (TSLA) reported second-quarter results after Tuesday's market close, posting revenue that beat expectations while profits fell short. This mixed performance has led to a decline in the company's stock price. Laffer Tengler Investments CEO and CIO Nancy Tengler joins Catalysts to discuss why this dip presents a buying opportunity for investors.",,,
https://www.arabnews.jp/en/uncategorized/article_126985/,7/24/2024,,"The current pace of advances in generative artificial intelligence makes it difficult to forecast how the technology will affect the economy, business and...",Where will the AI super-cycle lead?,"The current pace of advances in generative artificial intelligence makes it difficult to forecast how the technology will affect the economy, business and...",7/24/2024,Facebook,META,,company_specific_artificial_intelligence,497698,,04:54.6,,
https://www.arabnews.jp/en/uncategorized/article_126985/,7/24/2024,,"The current pace of advances in generative artificial intelligence makes it difficult to forecast how the technology will affect the economy, business and...",Where will the AI super-cycle lead?,"The current pace of advances in generative artificial intelligence makes it difficult to forecast how the technology will affect the economy, business and...",7/24/2024,Facebook,META,,company_specific_artificial_intelligence,499550,,04:54.6,,
https://www.investopedia.com/nvidia-partner-vertiv-orders-skyrocket-amid-surging-demand-for-ai-8682849,7/24/2024,,"Nvidia partner Vertiv reported a big jump in organic orders, lifting earnings and revenue above analysts' estimates.",Nvidia Partner Vertiv's Orders Skyrocket Amid Surging Demand for AI,"Nvidia partner Vertiv reported a big jump in organic orders, lifting earnings and revenue above analysts' estimates.",7/24/2024,Nvidia,NVDA,,company_specific,497872,"Key Takeaways Nvidia partner Vertiv reported a big jump in organic orders, lifting earnings and revenue above analysts' estimates.",,,
https://www.androidheadlines.com/2024/07/samsung-nvidia-certification-hbm3-chips.html,7/24/2024,,"The semiconductor industry is experiencing overwhelming growth due to the AI boom. As companies set out to establish AI data centers, training hubs,...","Samsung reached an AI milestone, albeit a small one","The semiconductor industry is experiencing overwhelming growth due to the AI boom. As companies set out to establish AI data centers, training hubs,...",7/24/2024,Nvidia,NVDA,,company_specific_artificial_intelligence,497945,"Samsung may have just achieved a significant milestone in the AI chip market. Nvidia, the world’s biggest AI chip brand, has reportedly certified its high bandwidth memory (HBM) chips. The Korean firm’s HBM3 chips have received Nvidia’s approval for use in China. Its more advanced HBM3E solutions are still pending the Nvidia certification.",,,
https://www.androidheadlines.com/2024/07/samsung-nvidia-certification-hbm3-chips.html,7/24/2024,,"Nvidia, the world's biggest AI chip brand, has certified Samsung's high bandwidth memory (HBM) chips for its AI processors.","Samsung reached an AI milestone, albeit a small one","Nvidia, the world's biggest AI chip brand, has certified Samsung's high bandwidth memory (HBM) chips for its AI processors.",7/24/2024,Nvidia,NVDA,,company_specific_artificial_intelligence,497906,"Samsung may have just achieved a significant milestone in the AI chip market. Nvidia, the world’s biggest AI chip brand, has reportedly certified its high bandwidth memory (HBM) chips. The Korean firm’s HBM3 chips have received Nvidia’s approval for use in China. Its more advanced HBM3E solutions are still pending the Nvidia certification.",,,
https://timesofindia.indiatimes.com/india/rostering-goof-up-dgca-issues-show-cause-notice-to-air-india/articleshow/111987920.cms,7/24/2024,,India News: NEW DELHI: The Directorate General of Civil Aviation (DGCA) has issued a show cause notice to Air India for a rostering goof up that saw a...,Rostering goof up: DGCA issues show cause notice to Air India,India News: NEW DELHI: The Directorate General of Civil Aviation (DGCA) has issued a show cause notice to Air India for a rostering goof up that saw a...,7/24/2024,General Electric,GE,,company_specific_artificial_intelligence,506730,,,,
https://news.crunchbase.com/venture/midyear-forecast-top-trends-h2-2024-ma-chips-ai/,7/24/2024,,"So far, 2024 has proceeded very much like 2023 in the startup world. AI is still the dominating talk of venture capital, funding is slightly up but most...",Midyear Forecast: Top Trends To Watch In H2 2024 — From Chips To AI Funds,"So far, 2024 has proceeded very much like 2023 in the startup world. AI is still the dominating talk of venture capital, funding is slightly up but most...",7/24/2024,Facebook,META,,company_specific_artificial_intelligence,497703,5 Shares Email,,,
https://www.fool.com/investing/2024/07/24/nvidia-prepares-new-ai-chip-for-china-new-price-ta/,7/24/2024,,Nvidia continues to get bullish sentiment before its earnings.,"Nvidia Prepares New AI Chip for China, New Price Target Upgrades, and Other Updates Nvidia Stock Investors Should Know About",Nvidia continues to get bullish sentiment before its earnings.,7/24/2024,Nvidia,NVDA,,company_specific_artificial_intelligence,499782,Nvidia continues to get bullish sentiment before its earnings.,,,
https://www.sharewise.com/us/news_articles/Comcast_Unveils_Watch_to_Unlock_Capabilities_for_The_2024_Paris_Olympics_Comcast_Class_A_BusinessWireEN_20240724_1655,7/24/2024,,"Comcast today announced the launch of Passport to Paris for Xfinity customers, an innovative experience designed to give fans, gamers, and collectors new...",Comcast Unveils “Watch to Unlock” Capabilities for The 2024 Paris Olympics,"Comcast today announced the launch of Passport to Paris for Xfinity customers, an innovative experience designed to give fans, gamers, and collectors new...",7/24/2024,Berkshire Hathaway,BRK.A,,company_specific,497586,"Comcast today announced the launch of Passport to Paris for Xfinity customers, an innovative experience designed to give fans, gamers, and collectors new ways to watch and engage with NBCUniversal’s coverage of The Paris 2024 Olympic and Paralympic Games.",,,
https://www.benzinga.com/news/24/07/39933356/byd-poised-to-surpass-tesla-in-ev-sales-as-us-and-europe-demand-wanes,7/24/2024,,"BYD Company (OTC: BYDDY) may surpass Tesla Inc. (NASDAQ: TSLA) in annual EV sales this year, driven by growing demand in China despite declining interest in...",BYD Poised To Surpass Tesla In EV Sales As US And Europe Demand Wanes,"BYD Company (OTC: BYDDY) may surpass Tesla Inc. (NASDAQ: TSLA) in annual EV sales this year, driven by growing demand in China despite declining interest in...",7/24/2024,Berkshire Hathaway,BRK.A,,company_specific,497587,BYD Company BYDDY might surpass Tesla Inc. TSLA in annual electric vehicle sales in 2024 as demand grows in China but declines in the U.S. and Europe.,,,
https://www.standard.co.uk/news/london/ulez-expansion-air-pollution-city-hall-report-sadiq-khan-b1172746.html,7/24/2024,,But improvement in air quality is far less dramatic than after the launch of the central London Ulez in 2019 and the inner London Ulez in 2021.,Breath of fresh air: Ulez expansion cut pollution 'better than expected',But improvement in air quality is far less dramatic than after the launch of the central London Ulez in 2019 and the inner London Ulez in 2021.,7/24/2024,General Electric,GE,,company_specific_artificial_intelligence,506734,,,,
https://www.sharewise.com/us/news_articles/SES_Space_Defense_Awarded_US_Armys_SATCOM_as_a_Managed_Service_Pilot_Contract_SES_SA_BusinessWireEN_20240724_0955,7/24/2024,,SES's wholly-owned subsidiary SES Space & Defense has been awarded the pilot effort to provide the U.S. Army with Satellite Communications (SATCOM) as a...,SES Space & Defense Awarded U.S. Army’s SATCOM as a Managed Service Pilot Contract,SES's wholly-owned subsidiary SES Space & Defense has been awarded the pilot effort to provide the U.S. Army with Satellite Communications (SATCOM) as a...,7/24/2024,Berkshire Hathaway,BRK.A,,company_specific,497588,"SES’s wholly-owned subsidiary SES Space Defense has been awarded the pilot effort to provide the U.S. Army with Satellite Communications (SATCOM) as a Managed Service (SaaMS) under a $3.6 million ceiling blanket purchase agreement (BPA). This initiative will streamline commercially leased SATCOM network services to be flexible and tailored to changing mission needs. The contract was awarded to Global Enterprise Solutions (GES), acquired by SES in 2022, and is now part of its wholly-owned subsidiary.",,,
https://www.fool.com/investing/2024/07/24/3-stocks-that-could-be-easy-wealth-builders/,7/24/2024,,"Beloved brands, simple business models, and decades of proven success make these three stocks easy buy-and-hold choices.",3 Stocks That Could Be Easy Wealth Builders,"Beloved brands, simple business models, and decades of proven success make these three stocks easy buy-and-hold choices.",7/24/2024,Procter & Gamble,PG,,company_specific_artificial_intelligence,498160,"Beloved brands, simple business models, and decades of proven success make these three stocks easy buy-and-hold choices.",,,
https://www.cbsnews.com/news/delta-flight-cancellations-wednesday-ed-bastian/,7/24/2024,,Chaos is easing for Delta Air Lines passengers after the global CrowdStrike outage forced the carrier to scratch thousands of flights.,"Delta passengers can count on ""minimal"" flight cancellations Wednesday, CEO Ed Bastian says",Chaos is easing for Delta Air Lines passengers after the global CrowdStrike outage forced the carrier to scratch thousands of flights.,7/24/2024,Microsoft,MSFT,,company_specific_artificial_intelligence,498977,What to know about consumer rights after Delta cancels flights What to know about consumer rights after Delta cancels flights 05:00,,,
https://www.prnewswire.com/news-releases/shareholder-alert-pomerantz-law-firm-investigates-claims-on-behalf-of-investors-of-target-hospitality-corp---th-302205905.html,7/24/2024,,"PRNewswire/ -- Pomerantz LLP is investigating claims on behalf of investors of Target Hospitality Corp. (""Target Hospitality"" or the ""Company"") (NASDAQ: TH)...",SHAREHOLDER ALERT: Pomerantz Law Firm Investigates Claims on Behalf of Investors of Target Hospitality Corp. - TH,"PRNewswire/ -- Pomerantz LLP is investigating claims on behalf of investors of Target Hospitality Corp. (""Target Hospitality"" or the ""Company"") (NASDAQ: TH)...",7/24/2024,Target,TGT,,company_specific,506736,,,,
https://www.fastcompany.com/91162477/ftc-probes-8-companies-surveillance-pricing-practices,7/24/2024,,"The agency said on Tuesday it had ordered Mastercard, JPMorgan Chase, and six other companies to provide information about targeted pricing products,...",FTC probes 8 companies for surveillance pricing practices,"The agency said on Tuesday it had ordered Mastercard, JPMorgan Chase, and six other companies to provide information about targeted pricing products,...",7/24/2024,Target,TGT,,company_specific,506737,,,,
https://www.rollingstone.com/culture-council/articles/data-deconstructed-1235066283/,7/24/2024,,"The “forever fans” category created by our team is perfect for marketers because these are people who are engaged, not passive consumers.",Fan Data Deconstructed,"The “forever fans” category created by our team is perfect for marketers because these are people who are engaged, not passive consumers.",7/24/2024,Adobe,ADBE,,company_specific,498623,"Everyone seems to agree that fan data is the gold mine behind the current boom in the sports business and the significant increases in the valuations of sports franchises. Yet, no one is talking about what these stats actually mean. Who are the fans, what motivates them, how loyal are they, and what are their consumption habits? I will aim to solve that by presenting proprietary fan data from the insights team at my company.",,,
https://www.wokv.com/news/trending/crowdstrike-outage-delta-issue-10k-skymiles-stranded-customers/TBPWSB3SVRCTTMFEFAHME7JWH4/,7/24/2024,,"Delta Airlines CEO has issued an update to passengers about the CrowdStrike outage, promising impacted customers SkyMiles and travel vouchers.",CrowdStrike outage: Delta to issue 10K SkyMiles to stranded customers,"Delta Airlines CEO has issued an update to passengers about the CrowdStrike outage, promising impacted customers SkyMiles and travel vouchers.",7/24/2024,Adobe,ADBE,,company_specific,498624,"Delta Airlines CEO has issued an update to passengers about the CrowdStrike outage, promising impacted customers SkyMiles and travel vouchers.",,,
https://www.digitalinformationworld.com/2024/07/adobe-updates-its-illustrator-and.html,7/24/2024,,Adobe has just made a host of streamlined changes to its Illustrator and Photoshop Creative Cloud platforms. The company announced today how it was rolling...,Adobe Updates Its Illustrator And Photoshop Creative Cloud Apps With New Features,Adobe has just made a host of streamlined changes to its Illustrator and Photoshop Creative Cloud platforms. The company announced today how it was rolling...,7/24/2024,Adobe,ADBE,,company_specific,498625,"Adobe has just made a host of streamlined changes to its Illustrator and Photoshop Creative Cloud platforms.The company announced today how it was rolling out a series of changes that would facilitate greater productivity on the users’ end. Moreover, a lot of the new features would make use of generative AI as well as machine learning. This would assist in saving so many people’s time.For starters, Photoshop has its own latest Selection Brush Tool. This would assist certain area selections by simply placing the brush across them. Moreover, you no longer have to go and use the Quick Mask initiative to do so. Meanwhile, users can also attain featured edges with the latest settings for adjusting opaqueness and hardness to get the best finishing.Adobe’s Adjustment Brush Tool was in beta for a while now but today, it’s also available. This enables painting to be done across any adjustments for better saturation, brightness, and more. There’s a wide range of fine-tuning options to avail. At the same time. Adobe confirmed how the much anticipated generate image text to image feature is up for grabs after being in beta. So now, users can produce so many ideas through a simple text prompt or reference picture.Meanwhile, other features worth mentioning include an enhanced Contextual Task Bar. similarly, Adobe boasts about greater support for lists and even more options for rolling out enhanced details and Generative Fills.All in all, Adobe Illustrator has a new Generative Shape Fill option for filling up shapes having details and color. In this way, users combine hue and style together to produce several editable graphic options which can also be scaled.Text prompts would be used for filling up vector graphics for options such as Generative Shape Fill. Meanwhile, some features also include greater style designs like geometrics, 3D, and pixel art.The latest Text to Pattern offering on Illustrator makes it so much easier to produce, edit, and even scale various vector patterns. Any vector graphic produced through this means saying hello to crispier images with fancy UI controls that give enhanced options for editing.Another cool rollout would be the Mockup feature where a designer could see creations across objects such as product packaging and clothing. This simply adjusts the art piece so it fits easier on the object’s edges.There’s another Dimension tool for sizing with greater precision and also a wide selection of capabilities featuring faster pan speeds. Clearly, Adobe is on a roll this time around as creators are given so much to play with.All the latest set of offerings are going to be up for grabs on the latest variant of the Illustrator app and also for Photoshop across desktops. You can find more details on the website in case you’re interested to learn more about what more can be availed.Read next:",08:45.2,Adobe has just made a host of streamlined changes to its Illustrator and Photoshop Creative Cloud platforms.The company announced today how it was rolling out a series of changes that would facilitate greater productivity on the users’ end.,
https://news.bloombergtax.com/financial-accounting/uk-audit-watchdog-loses-money-as-company-donations-miss-target,7/24/2024,,The UK's audit watchdog lost money last year after failing to raise as much money as expected from company donations. The announcement comes as the new...,UK Audit Watchdog Loses Money as Company Donations Miss Target,The UK's audit watchdog lost money last year after failing to raise as much money as expected from company donations. The announcement comes as the new...,7/24/2024,Target,TGT,,company_specific,506738,,,,
https://musebycl.io/news-briefs/corona-battles-beach-erosion-sallie-mae-goes-lo-fi-mccain-salutes-moms,7/24/2024,,"Timely tidbits from the worlds of marketing, media, entertainment and tech. Tech. Samsung Says: 'Unfold Your Moment'. Samsung puts life's brief but...","Samsung, Money Mart, Verizon and Other Items of Interest","Timely tidbits from the worlds of marketing, media, entertainment and tech. Tech. Samsung Says: 'Unfold Your Moment'. Samsung puts life's brief but...",7/24/2024,Adobe,ADBE,,company_specific,498626,Music,,,
https://www.mi-3.com.au/24-07-2024/adobe-unveils-fresh-innovations-illustrator-and-photoshop,7/24/2024,,"Adobe has announced a series of new innovations in its professional design applications, Adobe Illustrator and Adobe Photoshop.",Adobe unveils fresh innovations in Illustrator and Photoshop,"Adobe has announced a series of new innovations in its professional design applications, Adobe Illustrator and Adobe Photoshop.",7/24/2024,Adobe,ADBE,,company_specific,498627,"Adobe has announced a series of new innovations in its professional design applications, Adobe Illustrator and Adobe Photoshop.",,,
https://www.huffpost.com/entry/best-quiet-ac-air-conditioner_l_66a002f6e4b006a93984906a,7/24/2024,,"With heat waves blanketing the globe, there's never been a better time for an air conditioner upgrade. While central air tends to be on the quieter side,...",These 8 Quiet Air Conditioners Won't Keep You Up At Night,"With heat waves blanketing the globe, there's never been a better time for an air conditioner upgrade. While central air tends to be on the quieter side,...",7/24/2024,Home Depot,HD,,company_specific_artificial_intelligence,498362,A voice-enabled window AC unit that also happens to be super quiet,,,
https://www.huffpost.com/entry/best-quiet-ac-air-conditioner_l_66a002f6e4b006a93984906a,7/24/2024,,"With heat waves blanketing the globe, there's never been a better time for an air conditioner upgrade. While central air tends to be on the quieter side,...",These 8 Quiet Air Conditioners Won't Keep You Up At Night,"With heat waves blanketing the globe, there's never been a better time for an air conditioner upgrade. While central air tends to be on the quieter side,...",7/24/2024,Home Depot,HD,,company_specific_artificial_intelligence,500472,A voice-enabled window AC unit that also happens to be super quiet,,,
https://toledocitypaper.com/tcp-art-culture/sylvania-second-annual-plein-air-festival/,7/24/2024,,The Sylvania Community is proud to bring back a unique and creative artistic style and art practice for the second annual Plein Air Festival.,Sylvania Second Annual Plein Air Festival,The Sylvania Community is proud to bring back a unique and creative artistic style and art practice for the second annual Plein Air Festival.,7/24/2024,Home Depot,HD,,company_specific_artificial_intelligence,500473,The Sylvania Community is proud to bring back a unique and creative artistic style and art practice for the second annual Plein Air Festival.,,,
https://finance.yahoo.com/news/trending-stock-target-corporation-tgt-130016348.html,7/24/2024,,"Zacks.com users have recently been watching Target (TGT) quite a bit. Thus, it is worth knowing the facts that could determine the stock's prospects.",Is Trending Stock Target Corporation (TGT) a Buy Now?,"Zacks.com users have recently been watching Target (TGT) quite a bit. Thus, it is worth knowing the facts that could determine the stock's prospects.",7/24/2024,Target,TGT,,company_specific,506739,,,,
https://www.investing.com/news/company-news/da-davidson-ups-manhattan-associates-shares-target-on-strong-2q-93CH-3532972,7/24/2024,,"On Wednesday, DA Davidson raised the price target for Manhattan Associates, Inc. (NASDAQ: NASDAQ:MANH) shares from $260 to $285, while maintaining a Buy...",DA Davidson ups Manhattan Associates shares target on strong 2Q,"On Wednesday, DA Davidson raised the price target for Manhattan Associates, Inc. (NASDAQ: NASDAQ:MANH) shares from $260 to $285, while maintaining a Buy...",7/24/2024,Target,TGT,,company_specific,506740,,,,
https://www.gearrice.com/update/elon-musk-gets-his-way-he-already-has-the-largest-ai-farm-in-the-world/,7/24/2024,,We've been in a bit of an AI frenzy for the past few months among the world's biggest companies. NVIDIA got started before anyone else and that has helped.,Elon Musk Gets His Way: He Already Has The Largest AI Farm In The World,We've been in a bit of an AI frenzy for the past few months among the world's biggest companies. NVIDIA got started before anyone else and that has helped.,7/24/2024,Nvidia,NVDA,,company_specific_artificial_intelligence,497967,"We’ve been in a bit of an AI frenzy for the past few months among the world’s biggest companies. NVIDIA got started before anyone else and that has helped them become the most valuable company on the planet, but now everyone else is trying to get on the bandwagon in time to claim their share of the pie, and someone like billionaire Elon Musk couldn’t be less… so what he’s done is throw huge wads of cash at NVIDIA to set up the biggest farm in the world.",,,
https://www.rfidjournal.com/news/companies-target-rfid-tagging-on-liquids/221233/,7/24/2024,,"Goodwin has engineered a method for tagging bottled liquids, with specialized RFID labels from Phenix Labeling.",Companies Target RFID Tagging on Liquids,"Goodwin has engineered a method for tagging bottled liquids, with specialized RFID labels from Phenix Labeling.",7/24/2024,Target,TGT,,company_specific,506741,,,,
https://uk.finance.yahoo.com/news/visa-v-q3-earnings-beat-161700526.html,7/24/2024,,"Visa Inc. V reported strong third-quarter fiscal 2024 earnings, which benefited from expanding processed transactions and cross-border volume.","Visa (V) Q3 Earnings Beat on Processed Transactions, Sales Miss","Visa Inc. V reported strong third-quarter fiscal 2024 earnings, which benefited from expanding processed transactions and cross-border volume.",7/24/2024,Visa,V,,company_specific,500074,"Visa Inc. V reported strong third-quarter fiscal 2024 earnings, which benefited from expanding processed transactions and cross-border volume. Its earnings per share (EPS) of $2.42 outpaced the Zacks Consensus Estimate by a penny. The bottom line rose 12% year over year. However, higher operating expenses and client incentives partially tempered the upside.",,,
https://www.marketscreener.com/quote/stock/NVIDIA-CORPORATION-57355629/news/Nvidia-supplier-SK-Hynix-s-Q2-profit-soars-on-AI-boom-47461848/,7/24/2024,,South Korea's SK Hynix posted on Thursday its third consecutive quarterly profit as the Nvidia supplier sees explosive sales of its advanced DRAM chips such...,Nvidia supplier SK Hynix's Q2 profit soars on AI boom,South Korea's SK Hynix posted on Thursday its third consecutive quarterly profit as the Nvidia supplier sees explosive sales of its advanced DRAM chips such...,7/24/2024,Nvidia,NVDA,,company_specific_artificial_intelligence,497942,"SEOUL, July 25 (Reuters) - South Korea's SK Hynix posted on Thursday its third consecutive quarterly profit as the Nvidia supplier sees explosive sales of its advanced DRAM chips such as high bandwidth memory (HBM) used in generative AI chip sets.",,,
https://www.livemint.com/opinion/online-views/google-wiz-cybersecurity-microsoft-azure-amazon-aws-antitrust-regulator-mark-zuckerberg-acquisition-facebook-11721809023371.html,7/24/2024,,"While it is audacious of Wiz not to accept Alphabet's acquisition offer, it leaves both companies in a bind. Wiz's rejection and the testy regulatory...",Google’s $23 billion snub from Wiz will sting both companies | Mint,"While it is audacious of Wiz not to accept Alphabet's acquisition offer, it leaves both companies in a bind. Wiz's rejection and the testy regulatory...",7/24/2024,Google,GOOGL,,company_specific,499270,"Money talks, as they say, but even $23 billion of it did not convince the founders of Wiz Inc to sell the business to Alphabet Inc, parent of Google.",,,
https://www.wbtv.com/2024/07/24/believed-overheating-trumps-charlotte-rally-prompts-emergency-calls/,7/24/2024,,First responders on...,Believed overheating at Trump’s Charlotte rally prompts emergency calls,First responders on...,7/24/2024,AT&T,T,,company_specific_artificial_intelligence,504874,,,,
https://www.investing.com/news/company-news/bmo-cuts-ups-target-to-155-on-lowered-guidance-93CH-3533664,7/24/2024,,"On Wednesday, BMO Capital Markets adjusted its outlook on shares of United Parcel Service (NYSE: NYSE:UPS), reducing the price target to $155 from the...",BMO cuts UPS target on lowered guidance,"On Wednesday, BMO Capital Markets adjusted its outlook on shares of United Parcel Service (NYSE: NYSE:UPS), reducing the price target to $155 from the...",7/24/2024,Target,TGT,,company_specific,506750,,,,
https://www.defenseworld.net/2024/07/24/selective-insurance-group-nasdaqsigi-price-target-raised-to-95-00-at-bmo-capital-markets.html,7/24/2024,,Read Selective Insurance Group (NASDAQ:SIGI) Price Target Raised to $95.00 at BMO Capital Markets at Defense World.,Selective Insurance Group (NASDAQ:SIGI) Price Target Raised to $95.00 at BMO Capital Markets,Read Selective Insurance Group (NASDAQ:SIGI) Price Target Raised to $95.00 at BMO Capital Markets at Defense World.,7/24/2024,Target,TGT,,company_specific,506751,,,,
https://www.msspalert.com/news/sonicwall-report-channels-mssp-msp-threat-defense-strategy,7/24/2024,,One of the key focuses SonicWall's 2024 Mid-Year Cyber Threat Report is a deep look at supply chain attacks. It's part of a new focus as the company has...,SonicWall Report Channels MSSP/MSP Threat Defense Strategy,One of the key focuses SonicWall's 2024 Mid-Year Cyber Threat Report is a deep look at supply chain attacks. It's part of a new focus as the company has...,7/24/2024,Adobe,ADBE,,company_specific,498615,One of the key focuses SonicWall's 2024 Mid-Year Cyber Threat Report is a deep look at supply chain attacks. It's part of a new focus as the company has pivoted its reports to serve as a resource of actionable insights that its channel partners — MSSPs and MSPs in particular — can use in their conversations with their end-customers.,,,
https://www.defenseworld.net/2024/07/24/airbnb-nasdaqabnb-given-new-130-00-price-target-at-morgan-stanley.html,7/24/2024,,Read Airbnb (NASDAQ:ABNB) Given New $130.00 Price Target at Morgan Stanley at Defense World.,Airbnb (NASDAQ:ABNB) Given New $130.00 Price Target at Morgan Stanley,Read Airbnb (NASDAQ:ABNB) Given New $130.00 Price Target at Morgan Stanley at Defense World.,7/24/2024,Target,TGT,,company_specific,506752,,,,
https://www.rfidjournal.com/news/companies-target-rfid-tagging-on-liquids/221233/,7/24/2024,,"Goodwin has engineered a method for tagging bottled liquids, with specialized RFID labels from Phenix Labeling.",Companies Target RFID Tagging on Liquids,"Goodwin has engineered a method for tagging bottled liquids, with specialized RFID labels from Phenix Labeling.",7/24/2024,Adobe,ADBE,,company_specific,498621,"Goodwin Inc. has engineered a method for tagging bottled liquids for automotive and cleaning product companies, with specialized labels from Phenix Labeling.",,,
https://www.techloy.com/adobe-rolls-out-more-generative-ai-features-to-illustrator-and-photoshop/,7/24/2024,,"It could revolutionize creative workflows, blending advanced technology with user-friendly tools.",Adobe rolls out more generative AI features to Illustrator and Photoshop,"It could revolutionize creative workflows, blending advanced technology with user-friendly tools.",7/24/2024,Adobe,ADBE,,company_specific,498622,"With designers complaining about wanting a faster creative process, Adobe seems to have heard the collective sighs and is rolling out some exciting new generative AI features for Illustrator and Photoshop.",,,
https://in.investing.com/news/company-news/bmo-cuts-polaris-stock-price-target-keeps-market-perform-on-q2-results-93CH-4332843,7/24/2024,,"On Wednesday, Polaris Industries (NYSE:PII) faced a downward revision on its stock price target by BMO Capital, now set at $75, a decrease from the previous...","BMO cuts Polaris stock price target, keeps Market Perform on Q2 results","On Wednesday, Polaris Industries (NYSE:PII) faced a downward revision on its stock price target by BMO Capital, now set at $75, a decrease from the previous...",7/24/2024,Target,TGT,,company_specific,506753,,,,
https://mumbrella.com.au/adobe-unveils-major-updates-to-illustrator-and-photoshop-841192,7/24/2024,,"Adobe has announced a myriad of changes to its leading design applications, Adobe Illustrator and Adobe Photoshop, to accelerate creative workflows and...",Adobe unveils major updates to Illustrator and Photoshop,"Adobe has announced a myriad of changes to its leading design applications, Adobe Illustrator and Adobe Photoshop, to accelerate creative workflows and...",7/24/2024,Adobe,ADBE,,company_specific,498628,"Adobe has announced a myriad of changes to its leading design applications, Adobe Illustrator and Adobe Photoshop, to accelerate creative workflows and provide more control to designers.",,,
https://www.defenseworld.net/2024/07/24/hca-healthcare-nysehca-price-target-raised-to-390-00-at-truist-financial.html,7/24/2024,,Read HCA Healthcare (NYSE:HCA) Price Target Raised to $390.00 at Truist Financial at Defense World.,HCA Healthcare (NYSE:HCA) Price Target Raised to $390.00 at Truist Financial,Read HCA Healthcare (NYSE:HCA) Price Target Raised to $390.00 at Truist Financial at Defense World.,7/24/2024,Target,TGT,,company_specific,506754,,,,
https://www.cnn.com/cnn-underscored/home/best-pet-odor-eliminator,7/24/2024,,"These expert-approved pet odor eliminators will keep your home from smelling like wet dog, or worse — cat pee.",Hate the smell of cat pee? Here are the 12 best pet odor eliminators,"These expert-approved pet odor eliminators will keep your home from smelling like wet dog, or worse — cat pee.",7/24/2024,Home Depot,HD,,company_specific_artificial_intelligence,498360,"We love our furry friends, but they can really make the house stink. That’s why finding the right pet odor eliminators to keep your home smelling fresh is essential. In addition to cleaning your house regularly with pet-safe cleaning products, part of preventing smells starts with addressing pet messes as they happen.",,,
https://www.fox21news.com/news/national/man-suffers-severe-burns-to-his-feet-in-death-valley/,7/24/2024,,"A man from Belgium suffered severe foot burns after walking barefoot through Death Valley, according to the National Park Service.",Man suffers severe burns to his feet in Death Valley,"A man from Belgium suffered severe foot burns after walking barefoot through Death Valley, according to the National Park Service.",7/24/2024,Home Depot,HD,,company_specific_artificial_intelligence,498361,LAS VEGAS (KLAS) — A man from Belgium had to be airlifted to a Las Vegas hospital after park rangers say he suffered severe burns to his feet while walking barefoot through Death Valley.,,,
https://www.openpr.com/news/3597121/europe-digital-experience-platform-market-is-going-to-boom,7/24/2024,,"Press release - Archive Market Research - Europe Digital Experience Platform Market is Going to Boom | Adobe, Acquia, Open Text - published on openPR.com.","Europe Digital Experience Platform Market is Going to Boom | Adobe, Acquia, Open Text","Press release - Archive Market Research - Europe Digital Experience Platform Market is Going to Boom | Adobe, Acquia, Open Text - published on openPR.com.",7/24/2024,Adobe,ADBE,,company_specific,498630,"Europe Digital Experience Platform Market is Going to Boom | Adobe, Acquia, Open Text",,,
https://www.defenseworld.net/2024/07/24/lockheed-martin-nyselmt-price-target-raised-to-565-00-at-susquehanna.html,7/24/2024,,Read Lockheed Martin (NYSE:LMT) Price Target Raised to $565.00 at Susquehanna at Defense World.,Lockheed Martin (NYSE:LMT) Price Target Raised to $565.00 at Susquehanna,Read Lockheed Martin (NYSE:LMT) Price Target Raised to $565.00 at Susquehanna at Defense World.,7/24/2024,Target,TGT,,company_specific,506755,,,,
https://www.defenseworld.net/2024/07/24/k92-mining-inc-knt-v-cveknt-given-new-c10-00-price-target-at-canaccord-genuity-group.html,7/24/2024,,Read K92 Mining Inc. (KNT.V) (CVE:KNT) Given New C$10.00 Price Target at Canaccord Genuity Group at Defense World.,K92 Mining Inc. (KNT.V) (CVE:KNT) Given New C$10.00 Price Target at Canaccord Genuity Group,Read K92 Mining Inc. (KNT.V) (CVE:KNT) Given New C$10.00 Price Target at Canaccord Genuity Group at Defense World.,7/24/2024,Target,TGT,,company_specific,506756,,,,
https://www.bnnbloomberg.ca/investing/2024/07/25/lg-energy-slashes-sales-target-after-earnings-miss-estimates/,7/24/2024,,"LG Energy Solution Ltd. slashed its annual sales target and second-quarter earnings missed analyst estimates, as the South Korean battery maker grapples...",LG Energy Slashes Sales Target After Earnings Miss Estimates,"LG Energy Solution Ltd. slashed its annual sales target and second-quarter earnings missed analyst estimates, as the South Korean battery maker grapples...",7/24/2024,Target,TGT,,company_specific,506757,,,,
https://uk.investing.com/news/company-news/jpmorgan-raises-rexford-price-target-to-52-keeps-neutral-stance-93CH-3609123,7/24/2024,,"On Wednesday, JPMorgan (NYSE:JPM) made an adjustment to the price target for Rexford Industrial Realty (NYSE:REXR), increasing it to $52.00 from the...","JPMorgan raises Rexford price target to $52, keeps neutral stance By Investing.com","On Wednesday, JPMorgan (NYSE:JPM) made an adjustment to the price target for Rexford Industrial Realty (NYSE:REXR), increasing it to $52.00 from the...",7/24/2024,Target,TGT,,company_specific,506758,,,,
https://m.economictimes.com/markets/stocks/recos/buy-sbi-life-insurance-company-target-price-rs-1900-motilal-oswalnbsp/articleshow/112003171.cms,7/24/2024,,"SBI Life Insurance Company Ltd., incorporated in the year 2000, is a Large Cap company (having a market cap of Rs 163552.49 Crore) operating in Financial...","Buy SBI Life Insurance Company, target price Rs 1900: Motilal Oswal","SBI Life Insurance Company Ltd., incorporated in the year 2000, is a Large Cap company (having a market cap of Rs 163552.49 Crore) operating in Financial...",7/24/2024,Target,TGT,,company_specific,506759,,,,
https://www.livemint.com/companies/company-results/lt-sees-order-book-nearly-doubling-to-9-trillion-in-fy25-with-highest-ever-rating-strongest-ever-project-pipeline-11721833944539.html,7/24/2024,,"The company's consolidated order book grew 19% year-on-year in the June quarter, with the share of international orders at 38%.","In L&T's monster order target, echoes from India's roaring infra, energy sectors | Company Business News","The company's consolidated order book grew 19% year-on-year in the June quarter, with the share of international orders at 38%.",7/24/2024,Target,TGT,,company_specific,506760,,,,
https://economica.ma/worldwide/newest-industry-research-study-adobe-systems-incorporated-microsoft-corporation-salesforece-com-inc-2/182895/,7/24/2024,,"To view the latest report, “Marketing Automation Software Market 2024,” go to AdroitMarketresearch.com. In-depth analysis of the major companies in the...","[Newest] Industry Research Study |Adobe Systems Incorporated, Microsoft Corporation, Salesforece.com Inc.","To view the latest report, “Marketing Automation Software Market 2024,” go to AdroitMarketresearch.com. In-depth analysis of the major companies in the...",7/24/2024,Adobe,ADBE,,company_specific,498631,"To view the latest report, “Marketing Automation Software Market 2024,” go to AdroitMarketresearch.com.",,,
https://economica.ma/news/content-market-2024-2031-oracle-adobe-salesforce-2/178701/,7/24/2024,,This Content market report significantly delves into examining how the COVID-19 pandemic has influenced and shaped the dynamics of the market.,"Content Market [2024-2031] | Oracle , Adobe , Salesforce",This Content market report significantly delves into examining how the COVID-19 pandemic has influenced and shaped the dynamics of the market.,7/24/2024,Adobe,ADBE,,company_specific,498632,"This Content market report significantly delves into examining how the COVID-19 pandemic has influenced and shaped the dynamics of the market. It thoroughly analyses the various ways in which the pandemic has affected market trends, behaviours, and overall functioning. The report extensively examines the profound upheavals caused by the pandemic across various sectors, meticulously analysing how these shifts impact the historical, current, and prospective direction of the Content market.",,,
https://moosegazette.com/uncategorised/file-backup-software-industry-to-witness-massive-growth-2024-2034-adobe-apple-inc-dell-emc-hewlett-packard-enterp/168698/,7/24/2024,,"New Jersey, United States,- The latest report published by MR Accuracy Reports indicates that the File Backup Software Market is likely to accelerate...","File Backup Software Industry to Witness Massive Growth (2024-2034) |Adobe, Apple Inc., Dell EMC, Hewlett Packard Enterp – Moose Gazette","New Jersey, United States,- The latest report published by MR Accuracy Reports indicates that the File Backup Software Market is likely to accelerate...",7/24/2024,Adobe,ADBE,,company_specific,498633,"New Jersey, United States,- The latest report published by MR Accuracy Reports indicates that the File Backup Software Market is likely to accelerate strongly in the coming years. Analysts have studied market drivers, restraints, risks, and opportunities in the global market. The File Backup Software Market report shows the likely direction of the market in the coming years along with its estimates. An accurate study aims to understand the market price. By analyzing the competitive landscape, the authors of the report have made excellent efforts to help readers understand the key business tactics that major companies are using to maintain market sustainability.",,,
https://dallasinnovates.com/growing-young-farmers-plano%E2%80%91based-pepsico-foods-launches-new-planting-pathways-initiative/,7/24/2024,,Plano-based PepsiCo Foods North America today announced a new program called Planting Pathways Initiative that it said will chart an industry-leading and...,Growing Young Farmers: Plano?Based PepsiCo Foods Launches New 'Planting Pathways Initiative',Plano-based PepsiCo Foods North America today announced a new program called Planting Pathways Initiative that it said will chart an industry-leading and...,7/24/2024,PepsiCo,PEP,,company_specific,498877,"Growing Young Farmers: Plano?Based PepsiCo Foods Launches New ‘Planting Pathways Initiative’ Farmers under the age of 35 make up just 9% of the U.S. farming industry. The Planting Pathways Initiative aims to change that with pilot programs that drive ""sustainable, systemic industry change with the goal of creating more opportunities in agriculture.""",,,
https://readwrite.com/adobes-firefly-model-bringing-ai-features-for-photoshop/,7/24/2024,,"Adobe has just brought major AI-powered updates to Illustrator and Photoshop, as it officially integrates Firefly.","Adobe’s integrates Firefly model, bringing AI features for Photoshop","Adobe has just brought major AI-powered updates to Illustrator and Photoshop, as it officially integrates Firefly.",7/24/2024,Adobe,ADBE,,company_specific,498618,"Adobe has just brought major AI-powered updates to Illustrator and Photoshop, as it officially integrates its artificial intelligence model Firefly.",,,
https://readwrite.com/adobes-firefly-model-bringing-ai-features-for-photoshop/,7/24/2024,,"Adobe has just brought major AI-powered updates to Illustrator and Photoshop, as it officially integrates Firefly.","Adobe’s integrates Firefly model, bringing AI features for Photoshop","Adobe has just brought major AI-powered updates to Illustrator and Photoshop, as it officially integrates Firefly.",7/24/2024,Adobe,ADBE,,company_specific,500841,"Adobe has just brought major AI-powered updates to Illustrator and Photoshop, as it officially integrates its artificial intelligence model Firefly.",,,
https://www.msn.com/en-gb/news/world/us-lawmakers-raise-worries-about-china-in-microsoft-deal-with-emirati-ai-firm/ar-BB1pPqBN?ocid=BingNewsVerp,7/24/2024,,Foreign Affairs Committee Chairman Michael McCaul (R-TX) speaks alongside House Republican impeachment managers and other Senate Republicans during a press...,US lawmakers raise worries about China in Microsoft deal with Emirati AI firm,Foreign Affairs Committee Chairman Michael McCaul (R-TX) speaks alongside House Republican impeachment managers and other Senate Republicans during a press...,7/24/2024,Microsoft,MSFT,,company_specific_artificial_intelligence,498978,,19:12.9,,
